"Debug and Trace Classes",Information,0,"Testing file, CSV, and XML listeners",,,,"1","2025-11-21T03:56:51.6715437Z",,
"Debug and Trace Classes",Warning,0,"This message goes to console, file, CSV, and XML simultaneously",,,,"1","2025-11-21T03:56:51.6875668Z",,
"Debug and Trace Classes",Error,0,"Error messages are captured in all configured listeners",,,,"1","2025-11-21T03:56:51.6882781Z",,
"Debug and Trace Classes",Information,0,"This info message won't appear in filtered log",,,,"1","2025-11-21T03:56:51.6933222Z",,
"Debug and Trace Classes",Warning,0,"This warning WILL appear in filtered log",,,,"1","2025-11-21T03:56:51.6952094Z",,
"Debug and Trace Classes",Error,0,"This error WILL appear in filtered log",,,,"1","2025-11-21T03:56:51.6961582Z",,
   🔧 Debug mode is enabled - extra diagnostics active
"Debug and Trace Classes",Information,0,"Starting operation: Database Connection",,,,"1","2025-11-21T03:56:51.7088832Z",,
"Debug and Trace Classes",Information,0,"Operation 'Database Connection' completed in 115ms",,,,"1","2025-11-21T03:56:51.8234635Z",,
"Debug and Trace Classes",Information,0,"Starting operation: Data Processing",,,,"1","2025-11-21T03:56:51.8240605Z",,
"Debug and Trace Classes",Information,0,"Operation 'Data Processing' completed in 258ms",,,,"1","2025-11-21T03:56:52.0833126Z",,
"Debug and Trace Classes",Information,0,"Starting operation: File I/O Operation",,,,"1","2025-11-21T03:56:52.3505079Z",,
"Debug and Trace Classes",Information,0,"Operation 'File I/O Operation' completed in 56ms",,,,"1","2025-11-21T03:56:52.4089670Z",,
Attempting authentication for user: john.doe@example.com
"Debug and Trace Classes",Information,0,"User authentication successful: john.doe@example.com",,,,"1","2025-11-21T03:56:52.4127746Z",,
Attempting authentication for user: hacker@evil.com
"Debug and Trace Classes",Warning,0,"Authentication failed for user: hacker@evil.com",,,,"1","2025-11-21T03:56:52.4140069Z",,
   🔍 Debug note: Failed login attempt for hacker@evil.com
Starting file processing: important-data.txt
"Debug and Trace Classes",Information,0,"File processed successfully: important-data.txt",,,,"1","2025-11-21T03:56:52.4155551Z",,
Starting file processing: missing-file.txt
"Debug and Trace Classes",Error,0,"File not found: missing-file.txt",,,,"1","2025-11-21T03:56:52.4163113Z",,
Making API call to: https://api.example.com/users
"Debug and Trace Classes",Information,0,"API call successful: https://api.example.com/users (Status: 200)",,,,"1","2025-11-21T03:56:52.4175514Z",,
Making API call to: https://api.example.com/orders
"Debug and Trace Classes",Warning,0,"API endpoint not found: https://api.example.com/orders (Status: 404)",,,,"1","2025-11-21T03:56:52.4857643Z",,
Making API call to: https://api.example.com/products
"Debug and Trace Classes",Error,0,"API server error: https://api.example.com/products (Status: 500)",,,,"1","2025-11-21T03:56:52.4867269Z",,
"Debug and Trace Classes",Information,0,"This info message goes only to all-info log",,,,"1","2025-11-21T03:56:52.4927832Z",,
"Debug and Trace Classes",Warning,0,"This warning goes to both warning-only and all-info logs",,,,"1","2025-11-21T03:56:52.4938931Z",,
"Debug and Trace Classes",Error,0,"This error goes to both warning-only and all-info logs",,,,"1","2025-11-21T03:56:52.4945826Z",,
"Debug and Trace Classes",Information,0,"This message goes to the custom CSV listener with semicolon delimiter",,,,"1","2025-11-21T03:56:52.4967549Z",,
"Debug and Trace Classes",Information,0,"Starting data processing pipeline",,,,"1","2025-11-21T03:56:52.5023859Z",,
Processing 4 records
Processing record: John,25,Engineer
"Debug and Trace Classes",Information,0,"Successfully processed employee: John, Age: 25, Role: Engineer",,,,"1","2025-11-21T03:56:52.5050180Z",,
Processing record: Jane,30,Manager
"Debug and Trace Classes",Information,0,"Successfully processed employee: Jane, Age: 30, Role: Manager",,,,"1","2025-11-21T03:56:52.5057480Z",,
Processing record: Bob,35,Developer
"Debug and Trace Classes",Information,0,"Successfully processed employee: Bob, Age: 35, Role: Developer",,,,"1","2025-11-21T03:56:52.5096755Z",,
Processing record: Alice,28,Designer
"Debug and Trace Classes",Information,0,"Successfully processed employee: Alice, Age: 28, Role: Designer",,,,"1","2025-11-21T03:56:52.5105572Z",,
"Debug and Trace Classes",Information,0,"Data processing pipeline completed",,,,"1","2025-11-21T03:56:52.5110519Z",,
Attempting to process file: valid-file.txt
"Debug and Trace Classes",Information,0,"File processed successfully: valid-file.txt",,,,"1","2025-11-21T03:56:52.5125767Z",,
Attempting to process file: 
   🔍 Debug note: Filename validation failed
"Debug and Trace Classes",Error,0,"Exception in ProcessFile: ArgumentException: Filename cannot be null or empty (Parameter 'filename')",,,,"1","2025-11-21T03:56:52.5148389Z",,
Stack trace:    at Debug_and_Trace_Classes.DebuggingScenarios.ProcessFile(String filename) in C:\Users\aldipasca\Documents\Bootcamp\Practice\Diagnostics and Code Contracts\Debug and Trace Classes\DiagnosticUtilities.cs:line 319
   at Debug_and_Trace_Classes.DebuggingScenarios.SimulateExceptionHandling() in C:\Users\aldipasca\Documents\Bootcamp\Practice\Diagnostics and Code Contracts\Debug and Trace Classes\DiagnosticUtilities.cs:line 297
Attempting to process file: null
   🔍 Debug note: Filename validation failed
"Debug and Trace Classes",Error,0,"Exception in ProcessFile: ArgumentException: Filename cannot be null or empty (Parameter 'filename')",,,,"1","2025-11-21T03:56:52.5549603Z",,
Stack trace:    at Debug_and_Trace_Classes.DebuggingScenarios.ProcessFile(String filename) in C:\Users\aldipasca\Documents\Bootcamp\Practice\Diagnostics and Code Contracts\Debug and Trace Classes\DiagnosticUtilities.cs:line 319
   at Debug_and_Trace_Classes.DebuggingScenarios.SimulateExceptionHandling() in C:\Users\aldipasca\Documents\Bootcamp\Practice\Diagnostics and Code Contracts\Debug and Trace Classes\DiagnosticUtilities.cs:line 297
Attempting to process file: missing-file.txt
"Debug and Trace Classes",Error,0,"Exception in ProcessFile: FileNotFoundException: File not found: missing-file.txt",,,,"1","2025-11-21T03:56:52.5611536Z",,
Stack trace:    at Debug_and_Trace_Classes.DebuggingScenarios.ProcessFile(String filename) in C:\Users\aldipasca\Documents\Bootcamp\Practice\Diagnostics and Code Contracts\Debug and Trace Classes\DiagnosticUtilities.cs:line 324
   at Debug_and_Trace_Classes.DebuggingScenarios.SimulateExceptionHandling() in C:\Users\aldipasca\Documents\Bootcamp\Practice\Diagnostics and Code Contracts\Debug and Trace Classes\DiagnosticUtilities.cs:line 297
Starting Fast Operation
"Debug and Trace Classes",Information,0,"Performance test started: Fast Operation",,,,"1","2025-11-21T03:56:52.5649251Z",,
"Debug and Trace Classes",Information,0,"Performance test completed: Fast Operation took 58ms",,,,"1","2025-11-21T03:56:52.6274691Z",,
Starting Medium Operation
"Debug and Trace Classes",Information,0,"Performance test started: Medium Operation",,,,"1","2025-11-21T03:56:52.6283779Z",,
"Debug and Trace Classes",Information,0,"Performance test completed: Medium Operation took 159ms",,,,"1","2025-11-21T03:56:52.7882169Z",,
Starting Slow Operation
"Debug and Trace Classes",Information,0,"Performance test started: Slow Operation",,,,"1","2025-11-21T03:56:52.7890364Z",,
"Debug and Trace Classes",Information,0,"Performance test completed: Slow Operation took 307ms",,,,"1","2025-11-21T03:56:53.0962129Z",,
"Debug and Trace Classes",Warning,0,"Slow operation detected: Slow Operation took 307ms",,,,"1","2025-11-21T03:56:53.0966888Z",,
Memory before Memory Test: 306.960 bytes
"Debug and Trace Classes",Information,0,"Memory usage for Memory Test: 4.016.472 bytes",,,,"1","2025-11-21T03:56:53.1067159Z",,
